pool_id,token0_symbol,token1_symbol,feeTier,avg_daily_volume_usd,avg_daily_fees_usd,avg_daily_il_token1,avg_daily_il_usd,avg_il_to_volume,avg_il_to_fees,days
0x00c07a7e77c9ffa6e0e3c58790e0dcb81cef89e1,LEOX,WETH,10000,6850.928445830416,68.50928445830417,0.0037116070822280265,15.773796670259445,0.004013606373261826,0.40136063732618255,28
0x00cef0386ed94d738c8f8a74e8bfd0376926d24c,BUSD,USDC,500,1359.8893936551726,0.6799446968275863,2.0618657027168708e-13,2.0757935025277637e-13,7.308339280947673e-16,1.4616678561895348e-12,29
0x00ed26e794b949e18b142f9108429b74ce08ac99,WETH,SPX,10000,1115.6257222703537,11.156257222703536,5.842485184080723e-10,7.176659322169721e-10,1.128293797441357e-12,1.1282937974413571e-10,23
0x017e1dc7a0e8310d9eb86870e4282f1f59321987,DANGER,WETH,10000,1546.8149571539004,15.468149571539003,0.009067932188022753,38.53740856311476,0.021761045186005,2.1761045186004995,24
0x025f4a5cf52a6b255a87e780d3a07badb7c7363d,AME,WETH,10000,640.1501314638982,6.401501314638983,0.007340546620382934,31.19626815912164,0.028973840969148644,2.8973840969148643,22
0x0275885d271c9e5ae7d4aa15ae6c1bcb7e5ae2b8,Puff,WETH,10000,1254.596618754719,12.54596618754719,0.005348963665392659,22.732326829126876,0.009562210009724003,0.9562210009724003,25
0x04dd76803f247b611d4f470fc6cd206a9d02f869,EFI,WETH,3000,29366.659041019306,88.09997712305793,0.7396793924530622,3143.5311117931615,0.015934162612694612,5.311387537564872,29
0x04ecd3c4563ef7491919e6c7aa330eb89e0c8284,QKNTL,WETH,10000,657.0822334735469,6.570822334735469,0.00204408696222991,8.687075814929166,0.005852802105729242,0.5852802105729242,25
0x0583cb555429ec3f56dad4320bb51c4779c16e07,KAS,USDC,10000,332.23677555555554,3.3223677555555557,0.027266237720241324,0.027450419793818348,8.110272169447466e-05,0.008110272169447465,27
0x05943d3ff646c6ec442b859573466d53748713e2,2440,WETH,10000,1012.8899944242736,10.128899944242736,0.0008983052008335277,3.817667999835472,0.00880926306381407,0.880926306381407,2
0x05aaa0053fa5c28e8c558d4c648cc129bea45018,NCT,WETH,10000,395.6667477342266,3.9566674773422665,0.0005880787932353439,2.4992503530350696,0.010588188319648154,1.0588188319648153,25
0x05dbd9540a2c658712bc9945f97085a6e50850aa,WETH,OPAI,3000,957.5685926647282,2.8727057779941845,571614.7220267302,0.0,0.0,0.0,27
0x0623b2271c62de6df89e1c8d0738900945350752,fp0N1,WETH,10000,2337.376604236943,23.373766042369432,0.01942975668029714,82.57367346212895,0.03420898508031028,3.4208985080310277,19
0x065ff88d5cf1963dae5c1644f3f07550a2cb82dc,MANA,USDT,3000,1198.0004100870874,3.5940012302612625,8.142035926178943e-12,8.197034972083579e-12,5.935059205045168e-15,1.978353068348389e-12,22
0x0733ef53a2f6aee910f4761273ff9b0004ba69e2,ETHAlbum,WETH,10000,1121.3065160105157,11.213065160105156,0.09128467572534674,387.9467524719324,0.18996071445123927,18.996071445123928,2
0x075f4849d3c2088e5599cecf6ee0fdf8addfd124,WETH,‚ú∫RUG,10000,18510.32578248254,185.10325782482542,7516.72059143999,0.0,0.0,0.0,24
0x084565106618419274beed1b4ad4bdff77c5f90f,USDC,crvUSD,3000,608.6060319642858,1.825818095892857,0.48220730615251556,0.0,0.0,0.0,28
0x09400c5bde8e2f2e08d959ba3c7f36d514f62c9b,OBOL,USDT,10000,2913.297625109128,29.132976251091282,3.639954616004829e-11,3.664542327583546e-11,9.672042950220366e-15,9.672042950220366e-13,29
0x0a6773c78f7b75748574b05912a794b739f360e1,SHRAP,WETH,10000,1706.956892225088,17.06956892225088,0.000959697620701666,4.07857696100544,0.006113288576440551,0.6113288576440551,27
0x0a9f8b90d2bc2b126fceb93ee747c2b707e23764,WETH,LTO,500,75604.84315503639,37.802421577518196,5.208619714969273e-06,0.0,0.0,0.0,29
0x0bb8f0bb9875c6312c4f9696553bba77dd64f856,fritz,WETH,10000,983.60956720673,9.8360956720673,0.03675120075597669,156.18732135963918,0.15878995748606065,15.878995748606066,1
0x0bdcde6854f64a1144192b2e2bb4c995b50cd849,WETH,GBTC,3000,2061.448089922969,6.184344269768906,209.10561898121375,0.0,0.0,0.0,29
0x0c2b6bf7322a3cceb47c7ba74f2c75a19f530f11,WETH,WAMPL,10000,32256.5446306617,322.56544630661705,127.40695986959877,334.5681650784145,0.0075756167437530915,0.7575616743753091,28
0x0c7cd332de7eb1e543cb0fae9b333e6a822b9f1d,Earthworm,WETH,10000,716.4790496389326,7.164790496389326,0.018068175162235665,76.78714769577752,0.10717291417589135,10.717291417589134,1
0x0da6253560822973185297d5f32ff8fa38243afe,WBTC,cbBTC,500,39321.46302207041,19.660731511035205,5.834358560551963e-05,6.567396333178093,8.895940143679342e-05,0.17791880287358683,25
0x0e2c4be9f3408e5b1ff631576d946eb8c224b5ed,WETH,GRT,3000,2558.6599749456645,7.6759799248369935,62.11975372597328,5.478191838416044,0.0023084263524491013,0.7694754508163671,28
0x101a1a8e13b49933608ac2959505fa1d344eb57e,USDC,WIGL,3000,2718.4886069310346,8.155465820793104,176.1934347882266,0.0,0.0,0.0,29
0x11b7a6bc0259ed6cf9db8f499988f9ecc7167bf5,KP3R,WETH,10000,3830.966177835832,38.30966177835832,0.0035880422263714624,15.248663791511584,0.005659101379106937,0.5659101379106938,28
0x128c3c7a8220b3c09ab88e6adc0f44750ef19fa8,WETH,SNL,10000,1173.8683164189804,11.738683164189805,2669296469.0584292,0.0,0.0,0.0,28
0x129360c964e2e13910d603043f6287e5e9383374,OUSD,USDT,500,9819.211422396053,4.909605711198027,1.0042178758360324e-13,1.0110013174165072e-13,2.973481005520983e-17,5.946962011041967e-14,26
0x12d92d69c6de36d972e2c1046e615b7f53bf9c8e,WBNB,WETH,10000,6656.95176552164,66.5695176552164,0.003511339484177128,14.922688160842595,0.00320582918297739,0.320582918297739,26
0x13272aadbc7573594e98191b6502023938907fff,OMIKAMI,USDC,3000,1971.5680945862068,5.9147042837586215,0.0078021673467565675,0.007854870597387065,3.0870956771911236e-06,0.0010290318923970412,29
0x13dc0a39dc00f394e030b97b0b569dedbe634c0d,ANKR,WETH,3000,3491.4060046851555,10.474218014055467,0.0002592441622857658,1.101750431350261,0.0008285882744135744,0.2761960914711915,29
0x1458770554b8918b970444d8b2c02a47f6df99a7,RETIK,USDT,3000,973.3020207586208,2.9199060622758624,1.109759907791894e-11,1.117256280525343e-11,1.2694951142446957e-14,4.231650380815653e-12,29
0x1466eb2bcb165df2ee76b6decb61b16923bfb49e,Ani,WETH,10000,10966.960273120761,109.66960273120762,0.038070365084011265,161.793580164541,0.016470747865001887,1.6470747865001887,29
0x1542cd77e7a605cbf140823a9f21fa7ddde44078,KERNEL,USDT,10000,17659.867358899155,176.59867358899157,2.3855146435691236e-11,2.4016286758059494e-11,2.317854907158131e-15,2.317854907158131e-13,29
0x166b5fd1d06c65689f0867807962e0059598db9f,WETH,RPC,3000,1464.3299107518255,4.392989732255477,10986.264542438656,0.0,0.0,0.0,28
0x1673888242bad06cc87a7bcaff392cb27218b3e3,FORT,USDC,10000,837.5988969310346,8.375988969310345,3.737868633057544e-12,3.763117748929661e-12,6.8246596963237764e-15,6.824659696323777e-13,29
0x1715c5cdb967ff8d7c31741ace39bba4d90168e3,SPARK,WETH,10000,1098.3702164896947,10.983702164896947,0.013624165585502645,57.90074568417424,0.04166285542741772,4.166285542741772,11
0x173a77805b59613a52d921234878aad9ac8fafe1,STARS,WETH,3000,2545.41866532162,7.636255995964861,0.006184244985267812,26.28215239263116,0.007138115466633676,2.3793718222112252,28
0x183b1a923800071eb88e86ee802bde31acfa85b7,BPX,USDC,3000,387.6511044782609,1.1629533134347827,0.012085030948189824,0.012166664728475827,3.802709072655277e-05,0.012675696908850922,23
0x1910e073709ee97ed0898273c4d58338a2a4ae94,WETH,DEXT,10000,41989.43478019926,419.89434780199264,816.1864525290922,0.0,0.0,0.0,28
0x1969b474d6225666dbf15d52d8d2587cc62a0e11,Valentine,WETH,10000,733.735054048382,7.337350540483821,1.1997910406815081e-06,0.005098939489884935,0.00037560265926284446,0.03756026592628444,3
0x1a3fb049c2d88a16b927be6a4cae48ca38d93d4c,FORT,WETH,3000,15372.69002311031,46.11807006933093,0.011673456525515043,49.61051253357725,0.004311216024771791,1.4370720082572634,29
0x1a66fb282b8ea6d10d74eabab487f3f15022fc14,fpCLNX,WETH,10000,4149.686486084645,41.496864860846465,0.0430680155111228,183.03287622143148,0.03996871404772243,3.9968714047722433,23
0x1d39fef872698429af10b9640818dc0d36a474aa,BRK,WETH,100,380.70559592790863,0.03807055959279087,0.002372081090479323,10.081003720934651,0.008217638052895056,82.17638052895055,11
0x1df4c6e36d61416813b42fe32724ef11e363eddc,PANDORA,WETH,10000,24832.626928936195,248.326269289362,0.1322795629119705,562.1691312625924,0.007903559490130215,0.7903559490130215,29
0x1dfd47d8609e98b930f82e9e734d3fc6067bc643,WETH,RAIL,3000,1068.1155038206946,3.2043465114620835,8.563944019064849,8.019871842803019,0.005956176433904746,1.9853921446349154,29
0x1e84865e17b49286f26d356dc39ff671edfaa199,Bonk,USDT,10000,862.5630403961014,8.625630403961013,83.4648467756257,84.02864764568527,0.09392109053575864,9.392109053575863,29
0x1ff5e11d0ed4556bd72a403fb0ac21547f91341b,ZARP,USDT,3000,2405.0695742499997,7.21520872275,4.360101348221345e-12,4.389553614997602e-12,1.0248433325593469e-15,3.41614444186449e-13,12
0x2049a8881d22e5dd6d45c31ad1f5b1b0d668b7cb,USDC,PTF,10000,3266.022489814815,32.66022489814815,2371.9404138976493,0.0,0.0,0.0,27
0x2054df898bb8ccbf532ecf067291d994a8a9dc8a,SKAI,USDT,3000,3432.086462894477,10.296259388683431,1.4235129813964866e-11,1.4331287404670083e-11,6.8893878235811786e-15,2.296462607860393e-12,29
0x20fad0953846f72c02d0303c13019082f29d6e58,AIUS,WETH,10000,667.518251343607,6.675182513436071,0.004332703916519217,18.413368952455336,0.021335752551110438,2.1335752551110434,27
0x21e88f4482cd48deab1ca5eddabdfb14cb8ad76f,FIAS,WETH,3000,11738.908828133328,35.216726484399985,0.052726240174375764,224.0789429679109,0.014285373119428636,4.761791039809545,28
0x21edad4d801974a824404e4ed4b3bd95ab876b34,WETH,BUBBLE,10000,5888.762350766227,58.887623507662276,54132.14972920627,0.0,0.0,0.0,27
0x21fdaf0ff19556356f9aaeb01d6a131f949fc28e,IMAGE,WETH,3000,1527.7124987900281,4.583137496370084,0.004261785097786769,18.111974165238497,0.014704869691477234,4.901623230492412,25
0x24161e9f716a2d29101664696942d36962c0987f,SU,WETH,10000,2607.761355603637,26.077613556036372,0.013457526210744822,57.19255229073153,0.020302459864881633,2.030245986488164,17
0x243de89d1017dcf1152aeefda36cbacbe0c2d960,Monke,WETH,10000,1170.2455444661314,11.702455444661314,0.017047426047204692,72.44911065814462,0.03913525115908911,3.913525115908911,26
0x24602cb90c5262d51d33fe8e3360ff37477d80b6,WETH,SHOG,3000,380.58720603778056,1.1417616181133419,15568.414444054783,0.0,0.0,0.0,7
0x2530ceff321206c0331379b69d565e6d60faba8c,STORJ,USDT,10000,2042.580637542008,20.42580637542008,0.1736446689873942,0.17481763005110385,8.963662228859273e-05,0.008963662228859273,29
0x256bd88baf707eaad1b73dc8b2b8a5d599b45584,BOBA,WETH,3000,2833.898335635449,8.501695006906347,0.00234618076346867,9.970931053513716,0.002563687083150948,0.854562361050316,29
0x25b96761e765b9ac20db18fa57fa91e3b617ec6f,MORPHO,WETH,10000,382.2507833198782,3.822507833198782,0.0016200878533552902,6.885140539025799,0.012261028403640902,1.2261028403640901,27
0x262faf36239baa6488c116f273c9b98a1f117ad9,GEMS,WETH,3000,5068.244506636723,15.204733519910167,0.007545337610591044,32.06660043510832,0.006913273382286049,2.3044244607620166,28
0x26cfef1fb7aabf718e3517a66f4c4ce78c04a58d,@G,WETH,3000,19519.340614581146,58.55802184374345,0.0013719806357848992,5.830720522123069,0.00803137470722311,2.677124902407704,26
0x271aa3ceea42781b41f075dcacd9a9b3a2ef27f8,VIRTUAL,USDC,10000,1130.3757165862069,11.303757165862068,1.3533960951370019e-11,1.3625382181438856e-11,1.150349483176167e-14,1.1503494831761671e-12,29
0x2739b0a16e169d2f14177a8e5efb3585eb99ced2,USDC,PSP,3000,12662.876398333334,37.988629194999994,1891.4084039787404,0.0,0.0,0.0,27
0x2912868c7ac9b14dd3f64ec1713cbd8f44a17dfd,uniBTC,WBTC,3000,7591.970855704757,22.77591256711427,8.382695176731865e-05,9.438134905195726,0.0003187198295592882,0.10623994318642939,29
0x2a4d547ea2c35d03a501a8bb5d12d81d0a222dc5,WETH,GFI,10000,18113.671585472173,181.13671585472176,41.8618769180142,25.388784175079028,0.0014678672167743247,0.14678672167743248,28
0x2a84e2bd2e961b1557d6e516ca647268b432cba4,DAI,MKR,3000,4784.989570549783,14.354968711649349,0.0064849773259547825,10.04378002550969,0.0031859521977264244,1.061984065908808,29
0x2ca1d6950182d28434f89a719ed9e915b8c417b5,DBI,WETH,10000,2614.5832751696844,26.145832751696847,0.011761928195557457,49.98650441617964,0.012299514101716326,1.2299514101716327,26
0x2d031b02708882e7947454de2b1b690e19085149,FYDE,WETH,10000,2373.757651581882,23.73757651581882,0.0014948257380896816,6.352794551718266,0.005993085364530238,0.5993085364530237,27
0x2f82a772b03c1a0deee9817d6da4ea484b892897,Amy,WETH,10000,5267.708570557348,52.67708570557349,0.026244659506915957,111.53603104285989,0.05028974185951259,5.02897418595126,19
0x300b7537063a62fbd8b2445760abf89beec83940,ZENT,USDT,500,1647.4598591966912,0.8237299295983457,1.4546108282504198e-12,1.4644366517227897e-12,1.3538947093885578e-15,2.7077894187771156e-12,13
0x3019d4e366576a88d28b623afaf3ecb9ec9d9580,AXS,WETH,3000,2316.2900806807042,6.948870242042113,0.00023498136720775158,0.9986370392982584,0.0006969025604876575,0.23230085349588586,27
0x318aabe59460abb662f1c2b1e8f03b7f348bbe35,PIXL,USDC,10000,2633.723965148148,26.337239651481482,2.8279217289080494e-11,2.8470241989036497e-11,1.6680701899665865e-14,1.6680701899665864e-12,27
0x318fbee0a0d60e5de7009864632ceda8d77489b8,BEAM,WETH,10000,596.4329984188154,5.964329984188154,0.0013517468592971948,5.744729880032545,0.009627262580265823,0.9627262580265822,26
0x31a43eb48625239d0bd2d2213a6202b3eecbecf2,QUEST,USDC,10000,3521.2083756428574,35.21208375642858,54.6046727782124,54.973524614775826,0.012748611564160187,1.2748611564160186,28
0x32ecd439b57fb881ea1f5df2f8581b6fdac0acac,CARD,WETH,3000,1575.1135409864507,4.725340622959353,0.021478827719105184,91.28193088620766,0.014382628002118416,4.794209334039472,18
0x33b8213de159884531957097f1722a12436014cc,WETH,BB,3000,8495.882778653338,25.487648335960017,846.120190094704,0.0,0.0,0.0,27
0x33f6e97ea6f5dfa6691176b33ad5677e08fb6b38,LUNA,WETH,10000,3104.176129222283,31.04176129222283,0.0013092015320250265,5.563918353706333,0.0030611466009850792,0.3061146600985079,29
0x349ee001d80f896f24571616932f54cbd66b18c9,GEAR,USDT,3000,16333.528016897286,49.00058405069186,1.8105265076562735e-11,1.8227565237614566e-11,3.502536966822327e-15,1.167512322274109e-12,14
0x34b8487fc2912c486b04d1436b07f19f7730cd43,WETH,POLK,3000,3263.505123886271,9.790515371658813,1258.6830037731208,0.0,0.0,0.0,25
0x34e52bcb4f6a3b249ff990d613c980c1da97b2f2,NFTFI,WETH,10000,1240.6477361030645,12.406477361030644,0.0029573952179367084,12.568504641748959,0.011526729144684692,1.1526729144684693,23
0x35b88354c51613fe8857e02668c68e8c52161ba2,SWELL,WETH,3000,11686.130771212871,35.058392313638606,0.0015891943443613929,6.753847565792209,0.0008863459382327529,0.29544864607758425,28
0x35bfd50f39e08c6fe789826adfde6620f0d2dc3b,ISK,USDT,3000,1791.4903050714286,5.374470915214286,2.7828997197765777e-11,2.8016980683497975e-11,1.3755626968769987e-14,4.5852089895899964e-12,14
0x360b9726186c0f62cc719450685ce70280774dc8,UNI,WETH,10000,1610.525188197726,16.10525188197726,0.003268096396081207,13.888939995137552,0.00713145560971478,0.713145560971478,26
0x37032b2dde0b2f5cb4808f2eca4787133f81739f,Gigabeer,WETH,10000,177.46731891367497,1.7746731891367498,0.000988890672729522,4.202643236521673,0.023681223462703883,2.3681223462703884,1
0x376e613a5159d979a26eae2d5ef828b9c2c3bebb,cvxCRV,USDC,3000,1479.229307275862,4.437687921827586,4.8063743838098814e-12,4.838841202645707e-12,4.039129193024664e-15,1.3463763976748879e-12,29
0x385ccab9abc07415c0918aa39abce78674cee4f0,TRUTH,WETH,10000,19.754732714371073,0.19754732714371073,1.2905905761585883e-10,5.484824466025704e-07,2.7764609854911537e-08,2.7764609854911536e-06,1
0x3902428a74a08a91e2cb2fd834de75e69974fe67,USDT,PROM,3000,6668.1672852596075,20.004501855778823,4.243408038851578,0.0,0.0,0.0,29
0x391e8501b626c623d39474afca6f9e46c2686649,WBTC,DAI,3000,3018.659800084408,9.055979400253223,7.764544311708494,7.81699342061689,0.0031569546962311747,1.0523182320770583,29
0x3940a5899b3e4cd540f10cc239c39c4ede119f83,WETH,LQIDETHFIV1,10000,460.3514165052995,4.603514165052995,2.8945593365137465e-07,0.0,0.0,0.0,2
0x3944765dcd3542bc3624b1ccc5b4b5110d48edbb,POL,MATIC,3000,4883.173932257952,14.649521796773858,2.798144771784962,0.6513666098752182,0.00018448327850898163,0.06149442616966055,29
0x3b53d50771f24b00d2dc4b65fa0c79057442fb7f,ETH,WETH,10000,5358.7556883838015,53.58755688383802,0.21679625742274153,921.3529362614404,0.04010170559678314,4.010170559678313,19
0x3b6b9e1b86f462436260d7f0b995074746f87e3b,WETH,TOPIA,10000,7440.739976373687,74.40739976373688,12841.746504865245,0.0,0.0,0.0,18
0x3bd4c71155de785328bd7d1118acad7798cbaf6b,WAVAX,WETH,10000,2176.394946500953,21.76394946500953,0.0005530990220276846,2.3505913526673377,0.0015514572362484388,0.15514572362484388,29
0x3c30d38ec285bbb5d7e805e140b5ca75509ce213,DOP,WETH,10000,48721.74370159164,487.2174370159164,0.13115955530945264,557.409259918491,0.0117197027944899,1.17197027944899,28
0x3cf3d5b9061fac75fc66bc33035803fb067cb4f8,UST,WETH,10000,833.8488173326756,8.338488173326756,0.0007419616500568079,3.1532303786048383,0.006742279490373696,0.6742279490373697,26
0x3ebec0a1b4055c8d1180fce64db2a8c068170880,PEPU,WETH,3000,1963.7647431346297,5.89129422940389,0.008401923595093713,35.706967761390146,0.004909655038199351,1.6365516793997839,29
0x3ee301ed8f42d106def4f9d9730ea3367880b771,ASH,WETH,10000,2795.4618768340197,27.954618768340197,0.006410507453554434,27.243735364587813,0.010465571131967949,1.046557113196795,28
0x3fe3045c692badea6d2c4ac88d537a5efa6c5081,WETH,XVS,3000,1259.6028581443074,3.7788085744329223,1.3725648456867683,0.0,0.0,0.0,26
0x404eca5bde66219346c0334b89c7dcb5d9314196,PIKA,WETH,100,1970.9842217944456,0.19709842217944457,0.0034444009878148523,14.638209171650235,0.0032465805048421115,32.46580504842111,28
0x4109ab7966c5461439bdb0beda92c92fec767966,MMX,USDT,3000,5394.8012113950645,16.18440363418519,5.1412627692186046e-11,5.1759917423668166e-11,5.7413233399185645e-15,1.9137744466395218e-12,29
0x412940fdac1214fc3df430769f54e69210a18e49,WETH,ELA,3000,9769.589363307554,29.308768089922662,21.783281596691204,0.0,0.0,0.0,29
0x4185d2952eb74a28ef550a410ba9b8e210ee9391,ENA,USDT,3000,3825.9947584035035,11.477984275210511,1.833849338258465e-11,1.8462368989191558e-11,6.7571734211847715e-15,2.252391140394924e-12,28
0x41e570fc65d0f9efe89a6145306e2ba7b8a0fa6b,AVA,WETH,3000,6611.255150203002,19.833765450609008,0.005870238162248684,24.947668523610034,0.004058935669038535,1.3529785563461785,29
0x42060d91b1689c93e615bf84a8a9b03750c57b4c,INT,WETH,10000,792.3757217415757,7.923757217415758,0.0010534451844405844,4.47699063357075,0.003904507794982298,0.3904507794982298,10
0x4245f029a3ce36f11fe8d5e941260312373e0181,RPENGUIN,WETH,10000,142.72307070925353,1.4272307070925354,0.0006297469617407168,2.6763340806669595,0.018751937352294072,1.8751937352294072,1
0x4495fe3e57f5c7b46e5527162efd15a7606f35d8,QORPO,WETH,3000,9215.509557687772,27.64652867306332,0.009873951989008528,41.96287687678135,0.0052600213973848136,1.7533404657949376,28
0x44a269978f4c3348d70f1d8bfb83f9eb50975091,KRL,WETH,3000,11348.332519302281,34.04499755790684,0.01977379639439996,84.03579280195262,0.006799297033103487,2.266432344367829,29
0x44ad0dc86c402cfb289f8e3d4e74bc7fed370d5a,MMA,WETH,10000,5490.599651478766,54.90599651478767,0.027687436141988545,117.6676243872111,0.017610030343296564,1.7610030343296563,29
0x47ecd8722f264687a4ac0c960591e380e9b9ffc9,SATCAT,WETH,10000,5851.352782308946,58.51352782308947,0.11394897331609197,484.26675993782584,0.05597404103762069,5.597404103762069,27
0x487475d8ba65efaf3caffc32c6c3373cd7e1968f,BRWL,USDT,3000,1017.4492697,3.0523478091,1084.1463097669807,1091.4696639254284,0.898856138214669,299.61871273822305,20
0x49228c8a08fe69bd34228491e4ae712dfd6c3e4e,SNPAD,WETH,10000,2198.6975314487927,21.986975314487925,0.004526526859078564,19.237088602253838,0.004410609080407386,0.4410609080407386,24
0x4a480f11a98d09a7c37ecbb4fafccf803e287f42,SKATE,USDC,3000,8219.48863125,24.658465893749998,5.993249600310425e-11,6.03373370193734e-11,5.110577462524363e-15,1.7035258208414542e-12,28
0x4b2c930f88a87d1bffac291b6a7e01c9f13dd03e,EDGEN,WETH,10000,21172.487491689924,211.72487491689924,0.029433516591410476,125.0882153519647,0.005084916084208128,0.5084916084208128,29
0x4b4dbbff8b96312d651c03e278b96009dbf3dbed,WETH,KTTY,3000,4636.648758786988,13.909946276360964,113.15712184249412,0.0,0.0,0.0,21
0x4b5ab61593a2401b1075b90c04cbcdd3f87ce011,WETH,LOOKS,3000,3111.0346500089886,9.333103950026967,1231.8145031475083,25.64715098557389,0.007096383459469159,2.365461153156386,28
0x4c83a7f819a5c37d64b4c5a2f8238ea082fa1f4e,WETH,CRV,10000,1108.0387984916713,11.080387984916715,11.374386635941239,9.6236201540604,0.007325600681584278,0.7325600681584279,29
0x4e57f830b0b4a82321071ead6ffd1df1575a16e2,WETH,AMP,10000,723.4535418285684,7.234535418285683,636.1093178452572,2.2621140562456223,0.0046459469156085245,0.4645946915608524,26
0x4e680c7162fe5abaccf3409aea564a653f1c91c0,ASTX,WETH,10000,4813.161140332816,48.131611403328165,0.02905365526586103,123.4738593117463,0.01179292514579647,1.179292514579647,27
0x4eaa4f33718c412fb2ee66085a73e1934ce2de8d,FART,WETH,10000,1735.077377766707,17.35077377766707,0.017868380507861374,75.93804912901518,0.04648374363123782,4.648374363123782,17
0x5104846dc1c3c7697b856dc69e350ae4dcc47e24,LORDS,WETH,3000,951.085819237136,2.853257457711408,0.00062980381882638,2.676575715109573,0.003492410458919655,1.164136819639885,22
0x5221aafc7f7e0ff5a7aeaa8555681c9f7f42a014,WETH,$MUSIC,10000,2305.215942448573,23.052159424485733,389.31993520107164,0.0,0.0,0.0,15
0x5275b2869d1e6ca7846dc6beccf5c5db5d5a173e,SUIAI,USDT,10000,1009.6042762160636,10.096042762160634,5.1815140816008756e-12,5.216514950353271e-12,8.301687642023557e-15,8.301687642023557e-13,29
0x527f3c6b77c4bf2bde4ef720453a2d4c78690951,WBTC,SOL,10000,1254.4839388802325,12.544839388802327,0.06195621218336069,11.103625970427759,0.007455791485579186,0.7455791485579185,28
0x52837a8893f4beba79c0eb5cd8834d034c304949,wCFG,USDT,10000,2260.5362896323923,22.60536289632392,1.1334639646072942e-11,1.1411204570602749e-11,6.686568497042638e-15,6.686568497042637e-13,28
0x52914f27be444b87e792f17e4e5b0328e0ce3cb3,PEACHHIM,WETH,10000,180.90627705080877,1.8090627705080877,0.001585084811475782,6.736382641647152,0.03723686514070041,3.723686514070041,1
0x531b6a4b3f962208ea8ed5268c642c84bb29be0b,GLM,WETH,10000,10022.112739191023,100.22112739191024,0.004430804845407121,18.830283801241663,0.007114545709728344,0.7114545709728344,29
0x533783cda7241420100de4a2a739c7b88ab88f96,ELMT,WETH,3000,1170.1690506322711,3.510507151896813,0.001203956476687008,5.11664199425517,0.004837862711689917,1.612620903896639,20
0x53b5b05463ba2253a207290721a6102c76cb7eba,MUGA,WETH,10000,615.0099412939032,6.150099412939032,0.01856172728225112,78.88467327292615,0.12826568804231483,12.826568804231483,1
0x53d62b4fa4d729bc1eafc33f1345f32ae612df8d,Bonk,USDC,10000,947.3951006842105,9.473951006842105,82.0294321691451,82.5835368852513,0.08050106354594277,8.050106354594277,19
0x543804b7648605b5e7ce4ad7f111f77f01ca904e,WETH,VISTA,10000,336.29502375331487,3.3629502375331484,0.02242872097074268,0.0,0.0,0.0,8
0x546d4695c4fff0e0adf0d904ccde3a13472f9480, SHOP,WETH,10000,561.8223129144546,5.618223129144547,0.004255432671672351,18.084977267217837,0.021641134373993228,2.164113437399323,23
0x54eb9b9b4ae5febaea277d93d11fc1b93eb503df,WETH,MOR,3000,1069.665822596634,3.208997467789902,0.8081697375754632,0.0,0.0,0.0,27
0x5764a6f2212d502bc5970f9f129ffcd61e5d7563,SHIB,WETH,10000,4282.330552931063,42.82330552931063,0.006283137786221838,26.70243258389129,0.0061200813365422544,0.6120081336542255,27
0x5a1b47ef77e75963622f3f5e1a6ffc162991440c,Œû,WETH,10000,1510.325664277946,15.103256642779463,0.011343196220504686,48.20695370203086,0.02503520142616374,2.5035201426163742,15
0x5afd198e7b0ed5e2edb1967879f85f4d7fe41972,SBET,WETH,10000,16118.396555036303,161.183965550363,0.20227504645381827,859.6398766203757,0.027438983461211857,2.743898346121185,26
0x5c128d25a21f681e678cb050e551a895c9309945,BIT,WETH,3000,1774.8745831669435,5.32462374950083,0.00698117531981004,29.668991780243537,0.012709709190405925,4.236569730135308,29
0x5c2891e67cba6b5481f89d3701a78a1cfdac117f,LMWR,WETH,10000,3823.7947539865054,38.237947539865054,0.005504188494249483,23.39201004297977,0.0052178853659504715,0.5217885365950471,28
0x5d83b93878f3f37daa987087333e385b0845acad,LTO,USDT,10000,1000.2315261484869,10.002315261484869,0.02954318689475365,0.02974274964624796,5.2658660384448734e-05,0.005265866038444873,8
0x5e7c880835fdd8a6c61f3ab72d4fbb19a4fde74c,AEON,WETH,10000,10764.01890586952,107.64018905869521,75098853.83759727,319159335662.40985,24142824.39374976,2414282439.3749757,12
0x5ecef3b72cb00dbd8396ebaec66e0f87e9596e97,WETH,FOLD,10000,4249.391940679294,42.493919406792934,90.92685209919674,151.84571492338165,0.01654979546800169,1.654979546800169,26
0x6007aa306f239ac57a433132c676e158d13fe18f,fpDGOD,WETH,10000,5493.27551923042,54.93275519230421,0.030955124004071716,131.55482817157116,0.017544624926470805,1.7544624926470802,20
0x61213af59a2de1d528022086b20bec330e0d418d,KEK,WETH,10000,857.6816257905322,8.576816257905321,0.0076349248880014636,32.447333488690546,0.018482606842603617,1.848260684260362,28
0x61847189477150832d658d8f34f84c603ac269af,GROW,WETH,10000,22724.636089460237,227.2463608946024,0.07654191799427143,325.2921509322454,0.006652223608760253,0.6652223608760253,29
0x62302794f11b4e8f99d5bb0f2616e667b677e8fd,HYVE,USDT,3000,715.3989405640414,2.1461968216921243,6.890592892514403e-12,6.93713850324882e-12,6.234180487875111e-15,2.0780601626250366e-12,28
0x6243c92174684ab511f351b895a64d5265aa742f,Rudi,WETH,10000,982.4984438409487,9.824984438409487,0.008378425693344318,35.60710505605492,0.026474402395447575,2.6474402395447574,28
0x631723d8f8f8a2b6a642283536ac1b9c9e6e37f8,WTT,WETH,10000,433.2657917390514,4.332657917390514,0.0012040319157017242,5.116962599225679,0.008169682769900518,0.8169682769900516,3
0x6368172f9df8ff70ac7e2fc6b30cb964158d0090,OKB,USDT,10000,226663.86919045672,2266.638691904567,2.665447797317129e-09,2.683452764022042e-09,6.40381493268351e-15,6.40381493268351e-13,29
0x63c4c2ae8481a9d4233f13772cd69c1063130bbb,Xine,WETH,10000,498.1777607527869,4.981777607527869,0.001176167516399863,4.9985429068420135,0.020749560286116468,2.0749560286116466,4
0x64a078926ad9f9e88016c199017aea196e3899e1,WETH,BTT,3000,206.6379748042862,0.6199139244128585,458579.45069883193,0.30499072542854583,0.0035276524763568104,1.1758841587856033,28
0x65f53f9edf81b6b4b2a7d40c3ca56054d4c93b9a,SQT,USDT,3000,6741.334344487304,20.224003033461912,8.412321774117817e-11,8.469146587421779e-11,5.165753114920258e-15,1.721917704973419e-12,27
0x66213687a3f69ba0cb039bec518c371c9407fe34,fpSAPS,WETH,10000,3136.161922916991,31.36161922916991,0.03351102385158578,142.41703519161834,0.04114263366347105,4.114263366347105,13
0x666ed8c2151f00e7e58b4d941f65a9df68d2245b,WOOF,WETH,10000,518.3701311422764,5.183701311422764,0.0024651685588665167,10.47661208312351,0.004372360725572495,0.4372360725572495,21
0x68d01efdfbe5c0eebe3b19b571b18ae6d6ee16fc,SUDO,WETH,10000,786.2869156707592,7.862869156707592,0.002233109200545266,9.490393161644095,0.01284119512668261,1.284119512668261,24
0x6916f79669f745aebd82433583c85665bfae6fbb,KAS,WETH,3000,1620.1229159742197,4.860368747922659,0.0023588353790532,10.02471135103671,0.005053244388797856,1.6844147962659521,29
0x694886528668f2bcbaff8270419ab2f4bd7099f0,eXRD,WETH,3000,607.5642962291895,1.8226928886875684,0.0034968193427851344,14.86097964674976,0.013647669777527826,4.5492232591759425,28
0x695f5ceb83d41c951b1ecf6e270d80aec00a05c9,COSM,WETH,10000,681.1164006862127,6.811164006862127,0.016963510988619097,72.09248371936113,0.05789243161200843,5.789243161200843,7
0x69d91b94f0aaf8e8a2586909fa77a5c2c89818d5,HEX,USDC,3000,132.8910006,0.3986730018,0.014018344087773893,0.01411303730172932,0.00017559290903366897,0.05853096967788966,25
0x69f4a2dfec7dd5ab64b916a11a7e96f6d46e9ca4,FRIC,WETH,3000,2292.18273226322,6.87654819678966,0.008313155886651349,35.32971775813436,0.014063270497189796,4.687756832396598,27
0x69fb9f0e05bbdcd9f2c74be70e40d0da537f2089,AGI,WETH,10000,6056.690841169968,60.56690841169968,0.0032014295920137,13.60561565915056,0.0029945427161648997,0.29945427161648996,28
0x6a9c4fc2b35ee398e7a0e75d982872466ba93cb8,TONCOIN,USDT,10000,8442.324302761486,84.42324302761486,0.029581937382226843,0.029781761891328057,5.502321039115602e-06,0.0005502321039115601,29
0x6ab3bba2f41e7eaa262fa5a1a9b3932fa161526f,WBTC,WETH,10000,1959.6982498315333,19.596982498315334,0.006167713915251998,26.21189772089615,0.00942922024538351,0.9429220245383512,27
0x6adb5c0aad34501c0f79d9ac950c5a1c6e3f24bf,AIUS,USDC,10000,916.8163202758622,9.168163202758622,2.3465790396762658e-11,2.3624300638540205e-11,2.218710506899505e-14,2.2187105068995052e-12,29
0x6ae0cdc5d2b89a8dcb99ad6b3435b3e7f7290077,KROM,WETH,3000,960.0011553311729,2.8800034659935188,0.000776045978674339,3.2980838766568206,0.0017968507320348024,0.5989502440116008,27
0x6b6c7beadce465f8f2ada88903bdbbb170fa1f10,WETH,SCOTTY,3000,1648.046006328907,4.944138018986721,83373.83056542027,0.0,0.0,0.0,29
0x6cbe9fbfba9dbdc063fe0d6d803d25e7d0ce4a51,NMT,USDC,3000,3559.658226535714,10.678974679607142,5.240051060043045e-12,5.275447343160307e-12,4.1205979648846365e-15,1.3735326549615455e-12,28
0x6ce6d6d40a4c4088309293b0582372a2e6bb632e,STG,WETH,3000,1260.6020752991067,3.78180622589732,0.0014643270212268968,6.223179388302693,0.0037779664737101625,1.2593221579033875,2
0x6d69dce31606abd62c58e95ba984718eebd540ea,TREAT,WETH,10000,3517.2070081928387,35.17207008192838,0.004067637151028948,17.286873294305824,0.004524786492854482,0.45247864928544823,28
0x6f48eca74b38d2936b02ab603ff4e36a6c0e3a77,DAI,USDT,500,22121.890641248534,11.060945320624267,4.704722775662712e-13,4.736502942964024e-13,4.4197924428678465e-17,8.839584885735694e-14,26
0x6f55500ffe3d212160293ecb570504f4c4934733,ETHPUTER,WETH,10000,789.0937676199393,7.890937676199393,0.0009984860578446007,4.243422244219662,0.016287972296305717,1.6287972296305717,3
0x6fb092521191ab1ec60c83ae9e71dfafb25da9d6,WETH,CREO,3000,3294.233203875397,9.882699611626192,7562.222582509297,0.0,0.0,0.0,29
0x701b319aff36311f720f0a1ebd6636dd84bb3e8b,XFT,WETH,3000,2077.464104215828,6.232392312647483,0.016534872522926288,70.2708318437451,0.01189599394379733,3.9653313145991103,24
0x70885952f174fb5396deebb66ce3b4b2adfcef8a,STOS,USDT,3000,1621.2278398683857,4.863683519605156,3.3898594460264347e-12,3.4127577772267205e-12,9.076893718940383e-15,3.025631239646795e-12,27
0x7090cc8dfa04b0bbac6520063c9c1ea677c368a0,SOIL,WETH,10000,1866.0546238588377,18.660546238588378,0.006082350152479753,25.849113997526008,0.010409551727685429,1.0409551727685429,27
0x70cf99553471fe6c0d513ebfac8acc55ba02ab7b,MEME,WETH,10000,16688.741252700212,166.88741252700214,0.020041269165678673,85.17251363891377,0.003575877097444862,0.3575877097444862,28
0x70fbd3b6f82bd3b244e18e5a4beff89c842e60ea,USDC,USDx,500,30946.202288413795,15.473101144206897,3.120369534377232,3.1276969110378756,8.557212657529404e-05,0.1711442531505881,29
0x715a3ceac0d039d674f50b07804592e87e8c6d77,GSWIFT,WETH,3000,4440.936230110286,13.322808690330856,0.003493455221158856,14.846682613326957,0.005597386834137242,1.8657956113790806,28
0x7261bb346ccc02911e4b07f933ccd69dc51ee3e1,CXO,WETH,10000,7370.687610534104,73.70687610534105,0.015120944106276499,64.26183928164788,0.007907384774637441,0.790738477463744,29
0x72d3443605ef16e35de1bf0a28ed4d9d5ff8436d,DAI,LQTY,10000,1482.8624520994192,14.828624520994193,14.934426383927857,12.807689688869049,0.008045411445762924,0.8045411445762922,29
0x7373126710174da79118a553731bd702c89244b1,USDT,RENQ,3000,292.09477881543324,0.8762843364462997,2999.6649825932805,0.0,0.0,0.0,28
0x738ea57616fa9dab407e9e7920d446eaf4e7eaaa,WETH,ZETA,3000,9598.418972623644,28.795256917870933,38.725997797097584,0.0,0.0,0.0,27
0x74092c7c0024feeb3839bed5ab6189eed86ae856,BADGER,WETH,10000,1946.1219926122462,19.461219926122464,0.0036334631772390728,15.441696304836094,0.020587778768032437,2.058777876803244,8
0x750205ec1b9bb337a5aeb7fd399ce3d69e9124f0,BCDT,WETH,3000,648.1951140140105,1.9445853420420318,0.0011768698760635991,5.001527834470321,0.003814762086134287,1.2715873620447624,15
0x7618c038113503d15029a41857e352f43b4dcc6e,WETH,HAY,10000,1790.143416298632,17.90143416298632,0.00027995455886064186,19.36833595553484,0.011504425279739064,1.1504425279739063,25
0x78194ba1a135a71f7fba71fda7cdd3885872b8ff,WETH,MNW,3000,5686.134843286735,17.058404529860205,323.8368072055442,36.84883946518184,0.00250965295172206,0.8365509839073533,29
0x79ae08f81a8ffde94938d5c5f51259a8e02890cc,XYXYX,WETH,10000,1579.0002001011912,15.790002001011914,0.046306070068759024,196.79414272076696,0.11963291855416491,11.963291855416493,2
0x79db69ab1ed51261a9fdc3bf0e6db3fa48b8cc52,TURT,WETH,10000,312.0707064517807,3.1207070645178074,0.0018781912620608637,7.982042931608437,0.008460270115807194,0.8460270115807195,17
0x79dc831d556954fbc37615a711df16b0b61df083,ZCHF,WETH,3000,2358.6183629525817,7.075855088857745,0.005012272819212024,21.30143912179906,0.00838103655492794,2.7936788516426465,29
0x7ae0fdaa295c06407c924361a7f3c92cc53f00cc,ETHM,WETH,10000,12246.578736401962,122.46578736401963,0.05937202259448782,252.32256312683808,0.021326904958683116,2.1326904958683115,28
0x7bea39867e4169dbe237d55c8242a8f2fcdcc387,USDC,WETH,10000,21573.54314060623,215.73543140606233,0.06805266632525743,289.2140514074152,0.011528069625448768,1.152806962544877,29
0x7e3d694a81ec15e56a4fea19f3bc841afe462b41,USDC,RED,10000,3916.0204333333336,39.16020433333333,204.26531550711204,0.0,0.0,0.0,9
0x7efd2626ee9ba89b46630c4bbf684561abab6733,LINA,USDC,3000,1107.5330036428572,3.3225990109285712,1.3315279243466313e-11,1.3405223289523615e-11,8.437699725027574e-15,2.812566575009191e-12,28
0x7f3c5ab7eff0ac57b9538f88d1558709acb45821,VANA,WETH,500,31324.03329335669,15.662016646678346,0.056804686121302364,241.41175209135022,0.006068145287237385,12.136290574474769,29
0x7f808fd904ffa3eb6a6f259e6965fb1466a05372,DXN,WETH,10000,1236.9071381871918,12.369071381871917,0.0012235131816282024,5.199755179581208,0.0035714113082803258,0.3571411308280326,29
0x80464c5024253974506e8dd36b8ee49791c1f1ea,BTCINU,WETH,10000,298.4803000130005,2.9848030001300048,0.00023260273189648625,0.9885281810809506,0.0026156867469424696,0.26156867469424694,28
0x8071df1889d60a1c6329ef79976fb1f2e50599af,ATH,WETH,10000,8297.944020111358,82.97944020111358,0.023294411290378764,98.99790012989753,0.008061215027573733,0.8061215027573734,23
0x8107fca5494375fc743a9fc4d4844353a1af3d94,TURBO,WETH,3000,1088.7539726118594,3.2662619178355783,0.000407335948909069,1.7311192408658367,0.0016897174784358687,0.5632391594786229,28
0x826b34e62320108a9fa38a080360d693a8a73111,WETH,MON,3000,30386.940424066775,91.16082127220032,6124.055682119007,0.0,0.0,0.0,26
0x84383fb05f610222430f69727aa638f8fdbf5cc1,MM,USDC,10000,1077.005929962963,10.770059299629631,1.0914820524988466e-11,1.098854959232954e-11,6.975663147626635e-15,6.975663147626635e-13,27
0x846acd62adb236fda951aa29b00486a80ef89ee5,OK,USDT,10000,317.404562375,3.17404562375,7.735083054693347e-13,7.787333154282492e-13,1.008661600930985e-14,1.0086616009309849e-12,8
0x84f0bde4a5e023b022f2d2c1ae5b5b7884a4bb7e,AUSD,USDT,100,20777.96697203286,2.0777966972032864,2.888231902792102,2.907741764999188,0.00010438127678348632,1.0438127678348634,20
0x854b575807f39c31c228270636ac40505fc02684,WETH,SAMA,10000,1087.1250741276601,10.871250741276603,4477.406886556703,0.0,0.0,0.0,22
0x880ed8e3c0bad6a4a2fa6355bb0caa7fe03199f4,LL,WETH,3000,3974.4535749263237,11.92336072477897,0.006375884170983994,27.096591389694,0.008291908137751087,2.7639693792503626,29
0x881b8d0b1ad9d1b1db918342b064d10afb9eaa69,BNB,WETH,3000,8270.000600658796,24.810001801976387,0.0021779484569150413,9.25596792887372,0.0013435865816276047,0.44786219387586823,25
0x884accd11c12104dbd273b97159002486489c0ca,WETH,NAVI,3000,9670.64836522319,29.01194509566957,3126.397285758941,0.0,0.0,0.0,28
0x8a694ef09ccfb2180003c0e542c71c07de583918,LNDX,USDC,3000,4022.8776460000004,12.068632938000002,31.381110043029036,31.59308787356717,0.008168962211116508,2.722987403705502,29
0x8ac72ba2a010b32d8706feb3e95b940eabaa6d1b,ETHPUTER,WETH,10000,36.66557753281691,0.3666557753281691,7.566018754154496e-05,0.32154492322975536,0.005690543128520631,0.5690543128520631,2
0x8d7625fcf354c0961ac51fc121b9dd1708d6b226,ERBB,USDT,10000,1279.938352878431,12.79938352878431,2.7359128579183578e-21,2.7543938125871924e-21,4.659560913120728e-24,4.659560913120729e-22,28
0x8e1148fe20cf87f7686395bbe6a0c50945cc5001,XION,WETH,3000,9347.658864740537,28.04297659422161,0.03292687729634873,139.9344962849379,0.01363945453328497,4.546484844428324,26
0x8edbd14a671f6f4fc4738ade0c5ccd9a8d7e867c,ASTRONAUT,WETH,10000,90.1438823847246,0.901438823847246,0.0003021087777843094,1.2839188867507185,0.01424299522923905,1.4242995229239048,1
0x8f0350c8be74b4cb0458cbf04d16753000fda9d0,ICHI,USDC,10000,1217.72739204,12.177273920400001,1.0601820251040763e-11,1.0673435017168837e-11,8.808421426638497e-15,8.808421426638497e-13,25
0x9172a1abb81021ef1fe0ea6d60d25e8a9f77e190,BB,WETH,3000,6302.332896696061,18.90699869008818,0.028984524305606614,123.18006266611151,0.013363011761808822,4.4543372539362736,29
0x91b1c73a2422acfe91704d7ca489fd2ef6ad5660,GORILLA,WETH,10000,718.7061013192516,7.1870610131925154,0.0014776429438932005,6.2797701458807,0.004487413135366884,0.44874131353668845,18
0x9359c87b38dd25192c5f2b07b351ac91c90e6ca7,DPI,WETH,3000,2772.627825410328,8.317883476230985,0.002927346827909819,12.440803302665328,0.004468375505510903,1.489458501836968,28
0x937d916a12de773043139e79e58da8a4b93623ed,wFIO,WETH,3000,17770.669840719096,53.31200952215729,0.10405601280040754,442.2230995545622,0.014482132987725375,4.827377662575126,25
0x93d1df74317d18550e197c146ed29f178d027265,PASG,WETH,10000,739.618685919353,7.396186859193531,0.0016790244437084965,7.135612577707166,0.006829369893565494,0.6829369893565493,23
0x94e71b1bec5f96b57dbf3b26ceefd132a33ea472,STRX,WETH,3000,2826.515721989355,8.479547165968064,0.010081835432335448,42.846351634078076,0.009137439001161773,3.0458130003872577,27
0x98409d8ca9629fbe01ab1b914ebf304175e384c8,WETH,VRA,3000,20270.654422074385,60.81196326622315,54371.7518039242,78.77995651852225,0.0024172198378201713,0.805739945940057,29
0x98841d25e7c84fb82e2f15556da974d4d7a5f0c9,WETH,WIGL,3000,2561.3368368067213,7.684010510420165,2.0516256840864995e-07,0.0,0.0,0.0,29
0x992f534fcc87864875224d142d6bf054b1882160,SWISE,sETH2,3000,757.5032168040543,2.2725096504121627,0.00446800674592107,18.898772331317815,0.018372914071320436,6.124304690440145,22
0x9ba3f47fe7f5a12562ba0a4a5645d8bf9ea1dd8e,NEAR,WETH,10000,3281.7863754323384,32.81786375432338,1.6120719648901214e-09,6.8510741650859295e-06,3.611360762024057e-09,3.611360762024057e-07,26
0x9bdc7dfd19b75b023e28bbb8e197295c51ce55e4,NETVR,WETH,3000,8606.405343094952,25.819216029284856,0.01870891197276506,79.51018705434407,0.007937285334631927,2.6457617782106424,29
0x9c0df79f119be0fc4107c6c49d8ca45e587b1a1b,MASA,WETH,10000,3733.750071439652,37.33750071439652,0.0037800899642362724,16.064839076489303,0.007847279013759176,0.7847279013759177,28
0x9c213c491caf6d199f4a6ca9106dd50d4b7c9c0d,WETH,OPN,10000,6146.245955501993,61.462459555019926,237813.233070706,0.0,0.0,0.0,29
0x9c4980635d980611cecdbca74773e240ffa44240,HYDRA,WETH,10000,1229.1678793500191,12.291678793500193,0.0034999140462462926,14.874131691691371,0.005374630190015198,0.5374630190015198,23
0x9dedf5bb0d5921c057f2e62aa36ce48bca127f7c,WETH,WEPE,10000,3166.7578405584436,31.667578405584436,853529.9373413214,54.63761244385684,0.012683689434475377,1.2683689434475378,29
0x9e0fc414e8d5c45b0890c32ab9329ac90b3ab534,PEIPEI,WETH,10000,1330.0857005296807,13.300857005296807,0.004250492829977532,18.063983649964964,0.011057170149172412,1.1057170149172413,28
0x9e8810286fe2f78a6eeaa37fc682181a6dd31aea,cV,WETH,3000,395.5689427454752,1.1867068282364257,0.029051618325259487,123.46520260693724,0.06866278786658656,22.88759595552885,16
0xa04d13f092f68f603a193832222898b0d9f52c71,MOVE,WETH,10000,10992.060621509065,109.92060621509064,0.0044870641657547405,19.0693778271744,0.0027604036023954194,0.27604036023954187,22
0xa063432f32611c3e1313eb3c99bc9cb7a6d6d4bf,POWER,WETH,3000,1523.7980531257429,4.5713941593772285,0.002711738097282764,11.524497184615152,0.011557879006174346,3.8526263353914487,28
0xa1276d6e03e12970e5f5aee72fd5ddfcfc8fd587,QBX,USDT,3000,9789.804683111666,29.369414049335003,5.11153781223376e-10,5.146065994782601e-10,1.3838448596502785e-14,4.612816198834261e-12,29
0xa27e955148d6cf916f01a5a9649133465e9c7a28,1R0R,WETH,3000,10620.107971915972,31.860323915747916,0.07752836445936775,329.48440663760556,0.009128639898611466,3.042879966203822,21
0xa34f0d0314db32f41e1194816d56d55d1f7ca7b5,PRQ,WETH,10000,1572.7500349999523,15.727500349999522,1.782116579074957e-05,0.07573739336695148,6.470011556918804e-05,0.006470011556918802,2
0xa36aea44c324b417e7d28c927ea5838b77e46f2c,G-CRE,WETH,10000,10478.028896513297,104.78028896513295,0.027077552217828926,115.07570536156388,0.008884828433306931,0.888482843330693,29
0xa4555fd12a73a1c86eeb40ac88eb954b41c47e0b,EtherHead,WETH,10000,1.679980029795425,0.01679980029795425,1.5053348027991835e-07,0.0006397456566379251,0.00038080551273923677,0.03808055127392367,1
0xa4ebfaa0171ab70fc8195226ca4660a49b736c6e,MEMEX,WETH,3000,7292.35993124339,21.877079793730168,0.02993878977194778,127.2355537517897,0.015104458466808256,5.034819488936085,26
0xa54d98b6a52664cf52b00b8365cd5e1f4a40869e,WETH,SNEK,10000,671.265308188337,6.71265308188337,29147.68862962911,0.0,0.0,0.0,7
0xa5ef2a6bbe8852bd6fd2ef6ab9bb45081a6f531c,PLSB,USDC,10000,1052.4244172142858,10.524244172142858,2.12543744189491e-05,2.139794665627902e-05,1.2237416990388361e-08,1.2237416990388362e-06,28
0xa68479aa55c74bd97faa06fda2dbbae06e39a131,DAI,CoreDAO,10000,4802.593809805891,48.02593809805891,22.948465813225972,0.0,0.0,0.0,4
0xa7115a32a62c30a1c632b8b21a208cc51ecb03d6,gib,WETH,10000,7047.5645149173,70.47564514917299,0.2785141201767657,1183.6449829240312,0.13795461178181964,13.795461178181961,3
0xa75841dc610296d01b783caabb931e10ead28c9d,REILLY,WETH,3000,2594.1641358181496,7.782492407454449,0.011850031824818233,50.36093217835461,0.01279950057375514,4.266500191251714,29
0xa76b99053950e42daef7b3c8429e6a43f7fc3bfe,fpMFER,WETH,10000,4111.547234116985,41.11547234116985,0.02361682709804286,100.36812097512721,0.032730204036039205,3.27302040360392,11
0xa8e8c91faa15149f5f6e4a37846dcd58b88b3ec7,USDC,ONDO,3000,2266.0199452142856,6.798059835642857,5.580330811778416,5.0307395974596245,0.0025936803674627795,0.8645601224875932,28
0xa8ef445350d3da2bff5157b71996799423e3d491,ZERO,WETH,3000,5241.76800110266,15.72530400330798,0.02345781877033148,99.6923584349039,0.0131037894284891,4.367929809496367,29
0xa9405016f8158d87f5659b63df170c03b8396450,EBULL,WETH,10000,763.1896613507354,7.631896613507354,0.0016733337827304765,7.111428086407837,0.012167171284686862,1.216717128468686,29
0xa9918530855f9dae96a09eb82bbfd382dfb1f7a8,ROMAN,WETH,10000,917.699199490284,9.17699199490284,0.019189661407929843,81.553303060869,0.05204889534201404,5.204889534201404,16
0xa9de9685d373763b424d42a9b01bb87999e110d9,UDS,USDT,3000,5211.369005482968,15.634107016448903,3.352128713926533e-11,3.374772175916514e-11,5.069478989536506e-15,1.6898263298455022e-12,29
0xaa683fd3ae3033e0f3ffba14619e5371057740b7,MAZZE,WETH,10000,5501.696913856337,55.01696913856337,0.012056688669048653,51.23919406577706,0.00862145726098413,0.8621457260984129,29
0xaa6f403c1816cd60da685c7e0da2089a57403464,MASQ,WETH,10000,1184.3183552480054,11.843183552480054,0.00379338867938743,16.12135670460099,0.006861355487835528,0.6861355487835528,17
0xab26d20964cc0284e190bc22e67d52b8a88a3084,CREDI,WETH,10000,8472.546245611737,84.72546245611737,0.002541353978018117,10.800389165210131,0.0013090325927537971,0.1309032592753797,25
0xad9ef19e289dcbc9ab27b83d2df53cdeff60f02d,SAVM,WETH,10000,1503.4241830707022,15.034241830707023,0.003162271558841001,13.439199645927886,0.0045781202128665575,0.45781202128665577,28
0xadbbd01c250a638dc3d8826c02af8619849650eb,TECH,WETH,10000,485.0503457272162,4.850503457272162,0.011409319422788153,48.487967808561706,0.09996481444800472,9.996481444800471,1
0xae790e2a4785298cb18150f3dc4a60bd81fcd274,1CAT,WETH,10000,1149.5204337615917,11.495204337615915,0.001326980129632385,5.639474838411738,0.0029936253735696754,0.29936253735696755,28
0xaf2e0ae99960d6d532dad7cf10d1df82119f1532,ZERO,USDT,3000,1245.5989669259259,3.736796900777778,3.8237999808495646e-11,3.84962955868288e-11,2.2475537339701925e-14,7.491845779900643e-12,27
0xafab0d3958d513a1fb42263f3a6eb744c9ba1aeb,MESSI,WETH,10000,353.18505555833696,3.53185055558337,0.000970541446523648,4.124661662282864,0.020070336451313828,2.0070336451313824,3
0xafc9efc44e227ab144a22aebdf001ecda48b0549,OCH,WETH,3000,809.7609646454431,2.429282893936329,0.005025944518118894,21.359541877267596,0.015743391106666497,5.247797035555498,20
0xb011e4eb4111ef00b620a5ed195836dcd69db1ff,BONE,WETH,3000,10957.177742600878,32.87153322780263,0.001448139359678497,6.1543841531998025,0.0007075343672539605,0.2358447890846535,28
0xb055103b7633b61518cd806d95beeb2d4cd217e7,REPv2,WETH,10000,7134.910121944166,71.34910121944166,0.00638982241854015,27.155826938613846,0.006334678237215644,0.6334678237215643,28
0xb2146221466f26c3f65dd66e8bf5c57355bb25b4,Yee,WETH,10000,525.3346236979514,5.253346236979515,0.00016821636281576596,0.7148953660455024,0.004037099346785321,0.4037099346785321,10
0xb2c86ff752f18499b70e8f642b3421405d50d6e9,WBTC,SAITABIT,10000,17106.732053933218,171.06732053933217,83178.77723312798,89.73888628412449,0.001849056492903432,0.1849056492903432,10
0xb2e9bdec5db00e64d7c683a1fcd3bdf29e04305b,OZK,USDT,3000,2313.899098170933,6.9416972945127995,4.1360937562595124e-11,4.1640328629435015e-11,1.6341602856994886e-14,5.447200952331629e-12,29
0xb39c34c9b082fc4465bd16dd0425b07b06e797f3,WETH,DOGE,10000,3478.1417663010625,34.78141766301063,415226492.47096205,0.0,0.0,0.0,7
0xb6085156df45d4e1d7d434b5db98aa9c8c208a74,ELMO,WETH,10000,2256.330975857906,22.56330975857906,0.04515732466874486,191.91213986747948,0.0241212563336215,2.41212563336215,27
0xb61a4da17b87d8761d39b57888b0fcfd9b7bff7d,OPSEC,WETH,10000,2150.794377816678,21.507943778166783,0.00805022234748348,34.212288005269464,0.010947401510415069,1.094740151041507,28
0xb65859e27e7bac92f806c04258372e3be314a502,USDT,UBX,3000,1887.0388549118031,5.661116564735409,4.380832811143102,0.0,0.0,0.0,29
0xb8fcc4a00125af1696d8072100aa1ad3d39a5769,DNOW,WETH,3000,7830.218305218131,23.490654915654392,0.05693170190965759,241.95155093725214,0.029259594309778463,9.753198103259487,26
0xb986a32f468edad2f2f890094ea39ae484fbcaf4,mvRWA,WETH,3000,11190.9697531039,33.57290925931171,0.06999587633962157,297.4724146918693,0.011327069534865465,3.775689844955155,27
0xb9c4a5522a2f8ba9e2ff7063df8c02ed443337a3,WETH,ENS,10000,4633.0698717789,46.330698717789005,1.4598427608780786,35.18439496048115,0.005428465789728792,0.5428465789728792,28
0xb9d9bf49e1d61e8f9687706482df66ec42ddf361,DOOM,WETH,10000,676.8492157524751,6.76849215752475,0.007777952073793269,33.05517847255265,0.017830594988146285,1.7830594988146284,21
0xb9ebf49f3c12a3f9aa18f4ff0383c0ec29750070,WETH,FP,10000,3350.488228082885,33.50488228082885,120001.52577357981,47.82180953170243,0.007039615003279744,0.7039615003279742,29
0xb9eece312e033458260cc864477ca7abb4d5bb75,USDC,wXTM,10000,6593.5623833636355,65.93562383363637,5119.932693387585,0.0,0.0,0.0,22
0xbac80af55ecd6edc3961fc43b6459eed92489ab0,XDC,WETH,3000,326.1675952511959,0.9785027857535877,5.394079157928712e-11,2.2924061188442493e-07,1.054311787177233e-08,3.5143726239241092e-06,11
0xbb2e5c2ff298fd96e166f90c8abacaf714df14f8,DAI,FEI,500,1415.743964717847,0.7078719823589233,0.04235573281633868,0.04236712659351338,4.943131701560691e-05,0.09886263403121383,26
0xbb7950c55ae6ab946461580abc88c02d27447d8a,END,WETH,3000,6696.250170290681,20.088750510872043,0.023572765236099344,100.18086439440292,0.008151804837780087,2.717268279260029,29
0xbba38b5bdd5a04ab5a9f52db87e64efc299b6bd5,LDO,DAI,10000,1904.439271136267,19.044392711362672,26.093860873522438,26.27012360007191,0.013471761386520892,1.3471761386520893,28
0xbc5f1d2a0c411aadfb95557365abfdd4633ea882,FSN,WETH,3000,832.018027341738,2.4960540820252146,0.0010804596552328317,4.591798251939604,0.009081903686625422,3.027301228875141,26
0xbc9b75563e8df1dc761589444103342ec582cc29,FORTH,WETH,3000,424.566278184435,1.2736988345533053,0.0008057432942894735,3.4242931999466277,0.007865084702532858,2.621694900844286,28
0xbe80225f09645f172b079394312220637c440a63,ezETH,WETH,100,3896.0336983277357,0.38960336983277355,0.00029197267223255515,1.240841894908769,0.0002899323018820476,2.8993230188204757,29
0xbf288977ff664e155a6f925f369b2152d4e1193b,MOTHERLODE,WETH,10000,316.94216159123306,3.1694216159123307,0.000865106854291237,3.676579798270624,0.022529315535811927,2.2529315535811927,10
0xbfa5945fe1665e4771c603e798400829b92f6dcf,#10YearsOfEthereum,WETH,10000,117.02280685011596,1.1702280685011597,0.0005729126609538818,2.434796470503292,0.020913561926606525,2.0913561926606525,2
0xc04d960757b1444bfca6dea218864d1322a33cf7,WETH,PAS,10000,632.6664706253908,6.326664706253908,1.9558320233833397,0.0,0.0,0.0,24
0xc0b51c7042be877bedeee2103f3f6667e32bee97,USDC,ADS,10000,3275.24246675,32.7524246675,7.672720048095776,0.0,0.0,0.0,24
0xc0b7f8b3f857df57027d340cf101a164c3b20bb8,LAI,USDT,10000,5551.31872527553,55.51318725275531,4.088630787487856e-11,4.116249284189047e-11,9.802711080188931e-15,9.80271108018893e-13,29
0xc1956d9520efee0ec005ac60a99e28396771ae84,NYA,WETH,100,942.6474238555459,0.09426474238555459,0.0008450659775133878,3.5914089522235924,0.002850822953111162,28.508229531111617,28
0xc1df8037881df17dc88998824b9aea81c71bbb1b,FORTH,WETH,10000,26083.669843105392,260.8366984310539,0.05878222331791459,249.81600096688348,0.007448356864492472,0.7448356864492472,27
0xc2925eb8a5f7ee69d250fc7fce1997584d0fe67b,WETH,ABOND,10000,807.4813311074835,8.074813311074834,6629.987748404272,0.0,0.0,0.0,25
0xc3b9903f07c7b7614b9b5b490c7ce89bd688282e,WETH,wüçñ,10000,4336.939918957309,43.36939918957309,1.4244125369371388e-11,0.0,0.0,0.0,27
0xc511ff68ae3a1379e8ef3f599f88559c9ec77d9c,SOPH,WETH,10000,12618.64068458001,126.18640684580012,0.018312958023815717,77.82743967749511,0.00711967977996276,0.711967977996276,29
0xc789130a5b127449f439d17267744d24d69a5876,WETH,WMTX,3000,27616.68846874416,82.85006540623247,1.1282247004649893e-10,0.0,0.0,0.0,27
0xc9a2afe879b5283931dc89bd27759a12749bcd0c,JBX,WETH,10000,2582.913349812413,25.829133498124133,0.0053407249349653645,22.69731340887464,0.009451003490772658,0.9451003490772658,24
0xcb3b931e1e02c26399acc651bfd9c8c4385eecd0,USDC,SX,3000,1581.147381,4.743442143,474.8542434888718,0.0,0.0,0.0,14
0xcbcc3cbad991ec59204be2963b4a87951e4d292b,VITA,WETH,10000,120606.29555862257,1206.0629555862256,0.28307451732577676,1203.0260153906872,0.007704838947409636,0.7704838947409637,29
0xccda51723e0d6acf10e377e109fc3fd7bd8c8f59,ALU,WETH,3000,4664.119491179052,13.992358473537154,0.02672738891222977,113.58756163795846,0.035290618341271854,11.763539447090617,24
0xcce26db546b64198c424703a4fd783c1c9de89aa,eUSDe,USDC,10000,5989.377103517241,59.89377103517242,1.9329122309130947e-12,1.945968956464478e-12,2.2034000523598695e-16,2.2034000523598696e-14,29
0xccf50976f28dfa155e4308e44b169d8ed5120844,FGNX,WETH,10000,675.8431522994641,6.758431522994642,0.0026328793875450658,11.189359001740804,0.015668144142775214,1.5668144142775213,13
0xcf1accc8fd1bd769025347abf1ddac7de559a753,WETH,COLLE,10000,1126.4965249782954,11.264965249782954,419766.9880105507,0.0,0.0,0.0,27
0xcf24d8a93c9277b4a15f057d65e8bd91733f12e0,USUAL,USDT,3000,1686.464222736726,5.059392668210178,7.890715148414344e-12,7.944016535021185e-12,5.1385531247800625e-15,1.7128510415933543e-12,29
0xcfac0661d802ef85ece2f02ca691cd2079a19456,ROUTE,WETH,3000,8437.659362910934,25.312978088732805,0.016020910390116633,68.08656664553189,0.005992127813586815,1.9973759378622713,29
0xd04d14d2f9122372e41d2de9a82f721e9ea2f069,WETH,RSS3,3000,8549.632724019832,25.648898172059493,555.2032451025701,0.0,0.0,0.0,29
0xd2fa1df3f7e5ea50e9c8249d5f7923b66809c8e3,USDT,SP500,3000,2279.9778694999995,6.8399336085,429.3645392083834,0.0,0.0,0.0,4
0xd31ed0d854e053131ba22c717edb0c0d2f942a3b,Based Elon,WETH,10000,122.58658728099832,1.2258658728099832,0.0010038326327978003,4.266144419365271,0.01666523115354991,1.666523115354991,10
0xd3ab6a5a8ea53f20b3655512cbe8a0c9bf429eed,$WALLY,WETH,10000,779.3769334498609,7.7937693344986085,0.027870224388968832,118.44444816669623,0.15197325335561274,15.197325335561274,1
0xd3d1dbcd42d4780a00022047e7134efb70b13148,weETHk,WETH,10000,3231.400796975332,32.31400796975332,0.0005183721524720056,2.203007147973698,0.0007987361174816735,0.07987361174816733,27
0xd6041ddbabe06222631e88194631b53a9dfd2a1c,INDI,WETH,3000,1696.4564949941646,5.089369484982494,0.00012202527514933426,0.5185898820094474,0.0003074777214958055,0.10249257383193516,25
0xd6e420f6b1c4035ffd566963301b92067a8c34cd,WETH,SETH,3000,1228.3362428634227,3.6850087285902684,41.8930665624887,0.0,0.0,0.0,28
0xd796e655852b1c8a4a44d40ef5c31da981e67608,GAME,WETH,10000,726.5555320245516,7.265555320245515,0.011983349152840014,50.92751166218713,0.04635196655276974,4.635196655276974,21
0xd7f70a72e1693804a42afd9d73c77b2f1f8f8f6d,DOGE20,WETH,3000,1670.6514551700884,5.011954365510265,0.0029703796059193754,12.623686424569408,0.008091688619404874,2.697229539801625,29
0xd8c7b685cae56609e93a7af77a06cc98db960c9e,ISLAND,WETH,10000,5388.319530202361,53.883195302023616,0.00931779616148508,39.59929454007866,0.004389543978501917,0.43895439785019164,27
0xda09c49e24ac571058fea2e25f5825910960f266,VITA-FAST,WETH,10000,573.6267508974989,5.736267508974989,0.0007413301342177347,3.150546527049731,0.006260635239115965,0.6260635239115965,13
0xda99f4f2fe926b90f07f5f4eb0ce773f7173c6a0,SKY,WETH,10000,10175.306098985615,101.75306098985615,0.026245241114430638,111.53850279120913,0.009657572556375985,0.9657572556375984,28
0xdc0783bac6cf726891542efc158aa04f4877c68c,fpMAYC,WETH,10000,4094.7053739154653,40.947053739154654,0.027244684769202433,115.7859946847443,0.02029078017160515,2.029078017160515,8
0xdd3905b883ce1d037cbbbb588c0b51d20426db68,WETH,MORSE,10000,3734.087114169092,37.34087114169092,0.20926584540079354,0.0,0.0,0.0,28
0xdfc9b1115b07c01c47ab6f84a59da85afd007297,USDC,RPC,3000,2043.1030678749999,6.1293092036250005,7010.897986122554,0.0,0.0,0.0,8
0xdfce55c1cc365d3cb2fb475a4762d34ef0bf6c0d,YUSD,USDT,100,1231.371575846154,0.1231371575846154,6.531789949325276e-14,6.575911864104271e-14,5.808215416343767e-17,5.808215416343767e-13,26
0xdfde79f36d2a76a1e096504d241c7d82c5cd22fe,WETH,FINALE,10000,1257.6345381265871,12.576345381265872,6416147.294381001,26.467702807576828,0.010856239252004908,1.0856239252004907,22
0xe0090a9c729a7b53c6b215ad5cc26b71f5b7f95a,BOATKID,WETH,10000,457.7253033645713,4.577253033645713,0.006198814522815157,26.344070833285063,0.03924837298380548,3.9248372983805475,12
0xe0397c1c28e587b55ad18c126cdcc5cdeeaffe41,WETH,SHX,10000,4706.9758208397825,47.06975820839783,1.2992110994989349e-08,0.0,0.0,0.0,28
0xe0498f8c24ea70724abd27cd9511daead3dbc0a0,OBI,USDT,3000,2827.056325737301,8.481168977211905,1.1846131604462398e-11,1.192615163161695e-11,5.898016002947211e-15,1.966005334315737e-12,28
0xe495bfa137b68a037b1f661ed47a44b4fb2a6563,PYR,WETH,10000,11343.713871377233,113.43713871377233,0.01056582465818683,44.90323628540092,0.004274115630849443,0.4274115630849443,27
0xe5fee9f12c35b5eb26350126bac2a006a192a992,RJV,WETH,500,832.7995723359777,0.4163997861679889,0.0002144224211632103,0.9112644733242867,0.003566599791969283,7.1331995839385645,26
0xe629f40752e4f77e6925febdce24efd2af46516a,CCDAO,WETH,3000,1711.9880157540679,5.1359640472622035,0.0009121833701983848,3.876648225076682,0.0037452954338797026,1.2484318112932342,28
0xe68f12564754133a1c3f22fea48121bc9788fb39,BTM,USDT,500,26073.024100496077,13.036512050248039,11.258912647516974,11.334966039954862,0.0003329857362543351,0.6659714725086703,29
0xe6c9774f18c11ebe7b993093da432bcc422bec26,daCat,WETH,3000,3077.562092628316,9.232686277884948,0.005269651795170299,22.395262779320575,0.004023442622363285,1.3411475407877618,29
0xe76d34d984492f60389deea8ac7b5a235718b682,WETH,DRB,3000,188.95752880296425,0.5668725864088928,0.0008160726676369054,0.0,0.0,0.0,11
0xe7f40eead9ce7e61c9cd34136a1bd3d3c9e35dda,TUA,WETH,10000,539.078143961082,5.39078143961082,0.002689666725915492,11.430697028384134,0.013377920723532001,1.3377920723532002,29
0xe9f1e2ef814f5686c30ce6fb7103d0f780836c67,DAI,USDS,3000,73122.21686320486,219.36665058961458,6.229772792731337,6.261878468183416,0.00010346118906341369,0.034487063021137895,28
0xea4ba4ce14fdd287f380b55419b1c5b6c3f22ab6,COMP,WETH,3000,6654.743192207618,19.964229576622856,0.0023251081020073975,9.881375270849407,0.0022774631521261645,0.7591543840420547,29
0xec64a72f36445621e040a99bc15a7500fb36ef8a,MANTA,WETH,3000,2125.4901003891664,6.3764703011675,0.0028493799232596367,12.109455163243407,0.0069584516057457245,2.319483868581908,27
0xedc5d54b823873f3bb143a06a5ef2d003c29a933,PSY,WETH,10000,10286.718610876216,102.86718610876216,0.045886564687406525,195.01130514099765,0.013475318951825601,1.3475318951825601,27
0xf10e8ccdb3f065bf24afa14d08cc6336d4a9a281,GNUS,WETH,10000,8903.652893118408,89.03652893118407,0.04458682726345309,189.48760788642153,0.011048827954031984,1.1048827954031986,29
0xf1ac32109bd57866f66bf0e9e94d956bbd4da97c,REILLY,USDC,3000,2186.9044701724138,6.560713410517241,2.864482566818601e-11,2.883832003447705e-11,1.2078218798912369e-14,4.026072932970789e-12,29
0xf1b63cd9d80f922514c04b0fd0a30373316dd75b,OHM,WETH,10000,3153.7683221196435,31.537683221196435,0.008982748965796424,38.175392111117624,0.010641994547722435,1.0641994547722435,27
0xf214d89ea69c6696473b0dee25698723b8011961,GPU,WETH,3000,8697.79276536442,26.093378296093267,0.06256886881553976,265.9087001181195,0.015408188599167576,5.136062866389191,28
0xf239009a101b6b930a527deaab6961b6e7dec8a6,PEPE,WETH,10000,1699.7340289639883,16.997340289639883,0.004058392317309877,17.2475840796599,0.007566900666661216,0.7566900666661217,29
0xf2f5f087fc434c96f1bb469be2529d12440087bd,QFS,USDT,100,1197.572201021302,0.11975722010213019,1.8387708151668838e-11,1.8511916201582135e-11,1.4090878297631566e-14,1.4090878297631566e-10,29
0xf577068c05fda48ba1729c9a190f78008c1f11a2,STONE,WETH,10000,15183.627308219291,151.83627308219292,0.0019642535539454668,8.347795303314049,0.00036045161562526265,0.03604516156252626,27
0xf5d2c4209452c567705fe7dcc93ddcf61a63a100,EXEX,WETH,100,244.73233570496512,0.02447323357049651,0.000163992341110891,0.6969438808728144,0.0014433300430151904,14.433300430151904,29
0xf5e4a4480f5e73cfe697384525d6f4a07617ac71,MUSE,WETH,10000,4348.156956509636,43.481569565096365,0.003018466679063989,12.828049574398214,0.003619824370492739,0.3619824370492739,27
0xf743ace0dd18b26ef95988486315dd7a39b07035,NKN,USDT,3000,1755.6468644649156,5.266940593394746,1.2642222652307979e-11,1.2727620234717961e-11,9.421737380483151e-15,3.1405791268277168e-12,29
0xf752004e4b07c1d6fd22ca537b928a8e15b39618,ZEUS,WETH,10000,1544.6409040953697,15.446409040953696,4306110.057816321,18300348875.01619,13679606.044003284,1367960604.4003284,25
0xf90321d0ecad58ab2b0c8c79db8aaeeefa023578,SPC,USDC,3000,5646.2938862142855,16.93888165864286,4.8945695038834875e-11,4.927632076349175e-11,6.96700199070037e-15,2.322333996900123e-12,28
0xf9bc02a0f79ee8b6982a754979c9dbd909ccee10,PORTAL,WETH,10000,1457.6629596554928,14.576629596554932,0.00046662743663705844,1.9830995423844633,0.002538747580511993,0.25387475805119936,28
0xfa307d5171c6b6342a3556d419a7493b01a3f523,SPS,WETH,10000,1265.7870797625994,12.657870797625993,0.0039162357243185215,16.64343899007881,0.007753561308224853,0.7753561308224853,17
0xfda2674f7260e730c4665943715d1f7060e8b0e8,DYNX,WETH,10000,2872.1266618608224,28.721266618608233,0.02506809262254305,106.53579087952929,0.029740678333229586,2.974067833322959,23
0xfe0df74636bc25c7f2400f22fe7dae32d39443d2,RBN,USDC,3000,4.6e-05,1.38e-07,1.50069175879329e-29,1.51082885664927e-29,3.2844105579331954e-25,1.0948035193110652e-22,1
0xff29d3e552155180809ea3a877408a4620058086,DUSK,USDT,3000,5199.411018673597,15.59823305602079,3.226804848687234e-11,3.2486017542287134e-11,6.420721028336882e-15,2.14024034277896e-12,28
